"group","d13C","d15N"
"medium",-15.64284,13.84055
"medium",-15.56745,12.60072
"medium",-16.4442,14.03729
"medium",-17.16711,13.13381
"large",-14.93301,16.63349
"huge",-15.06208,18.61184
"huge",-15.02731,18.32198
"huge",-14.88719,17.97648
"small",-17.9586,10.443507
"small",-16.56196,10.789742
"small",-17.04855,11.236032
"small",-17.1406,8.976896
"small",-16.23605,8.580734
"large",-15.24835,16.43341
"large",-14.03405,16.29934
"large",-16.76164,17.0096
"large",-16.53439,15.87883
